biblioteca,slug,status,category,eol_label,eoas_label,discontinued,current_cycle,current_latest_version,current_eol,json.name,json.aliases,json.label,json.category,json.tags,json.versionCommand,json.identifiers,json.labels.eoas,json.labels.discontinued,json.labels.eol,json.labels.eoes,json.links.icon,json.links.html,json.links.releasePolicy,json.releases
jest,jest,erro: 'int' object has no attribute 'lower',,,,,,,,,,,,,,,,,,,,,,
lodash,lodash,erro: 'int' object has no attribute 'lower',,,,,,,,,,,,,,,,,,,,,,
axios,axios,erro: 'int' object has no attribute 'lower',,,,,,,,,,,,,,,,,,,,,,
express,express,,framework,Security Support,,,5,5.1.2000,,express,[],Express,framework,"['framework', 'herodevs', 'javascript-runtime']",,[],,,Security Support,Commercial Support,https://cdn.jsdelivr.net/npm/simple-icons/icons/express.svg,https://endoflife.date/express,https://expressjs.com/en/support/,"[{'name': '5', 'codename': None, 'label': '5', 'releaseDate': '2024-09-09', 'isLts': False, 'ltsFrom': None, 'isEol': False, 'eolFrom': None, 'isEoes': None, 'eoesFrom': None, 'isMaintained': True, 'latest': {'name': '5.1.0', 'date': '2025-03-28', 'link': 'https://github.com/expressjs/express/releases/tag/v5.1.0'}, 'custom': None}, {'name': '4', 'codename': None, 'label': '4', 'releaseDate': '2014-04-09', 'isLts': False, 'ltsFrom': None, 'isEol': False, 'eolFrom': None, 'isEoes': None, 'eoesFrom': None, 'isMaintained': True, 'latest': {'name': '4.21.2', 'date': '2024-12-05', 'link': 'https://github.com/expressjs/express/releases/tag/4.21.2'}, 'custom': None}, {'name': '3', 'codename': None, 'label': '3', 'releaseDate': '2012-10-23', 'isLts': False, 'ltsFrom': None, 'isEol': True, 'eolFrom': '2015-07-05', 'isEoes': False, 'eoesFrom': None, 'isMaintained': True, 'latest': {'name': '3.21.2', 'date': '2015-07-31', 'link': 'https://github.com/expressjs/express/releases/tag/3.21.2'}, 'custom': None}, {'name': '2', 'codename': None, 'label': '2', 'releaseDate': '2011-03-17', 'isLts': False, 'ltsFrom': None, 'isEol': True, 'eolFrom': '2012-07-01', 'isEoes': None, 'eoesFrom': None, 'isMaintained': False, 'latest': {'name': '2.5.11', 'date': '2012-06-29', 'link': 'https://github.com/expressjs/express/releases/tag/2.5.11'}, 'custom': None}, {'name': '1', 'codename': None, 'label': '1', 'releaseDate': '2010-11-16', 'isLts': False, 'ltsFrom': None, 'isEol': True, 'eolFrom': '2011-03-01', 'isEoes': None, 'eoesFrom': None, 'isMaintained': False, 'latest': {'name': '1.0.9', 'date': '2011-03-23', 'link': 'https://github.com/expressjs/express/releases/tag/1.0.9'}, 'custom': None}]"
moment,moment,erro: 'int' object has no attribute 'lower',,,,,,,,,,,,,,,,,,,,,,
react,react,,framework,Security Support,Active Support,,19,19.1.2000,,react,[],React,framework,"['framework', 'javascript-runtime', 'meta']",,"[{'type': 'purl', 'id': 'pkg:github/facebook/react'}, {'type': 'purl', 'id': 'pkg:npm/react'}]",Active Support,,Security Support,,https://cdn.jsdelivr.net/npm/simple-icons/icons/react.svg,https://endoflife.date/react,https://react.dev/community/versioning-policy,"[{'name': '19', 'codename': None, 'label': '19', 'releaseDate': '2024-12-05', 'isLts': False, 'ltsFrom': None, 'isEoas': False, 'eoasFrom': None, 'isEol': False, 'eolFrom': None, 'isMaintained': True, 'latest': {'name': '19.1.0', 'date': '2025-03-28', 'link': 'https://github.com/facebook/react/releases/tag/v19.1.0'}, 'custom': None}, {'name': '18', 'codename': None, 'label': '18', 'releaseDate': '2022-03-29', 'isLts': False, 'ltsFrom': None, 'isEoas': True, 'eoasFrom': '2024-12-05', 'isEol': False, 'eolFrom': None, 'isMaintained': True, 'latest': {'name': '18.3.1', 'date': '2024-04-26', 'link': 'https://github.com/facebook/react/releases/tag/v18.3.1'}, 'custom': None}, {'name': '17', 'codename': None, 'label': '17', 'releaseDate': '2020-10-20', 'isLts': False, 'ltsFrom': None, 'isEoas': True, 'eoasFrom': '2022-03-29', 'isEol': False, 'eolFrom': None, 'isMaintained': True, 'latest': {'name': '17.0.2', 'date': '2021-03-22', 'link': 'https://github.com/facebook/react/releases/tag/v17.0.2'}, 'custom': None}, {'name': '16', 'codename': None, 'label': '16', 'releaseDate': '2017-09-26', 'isLts': False, 'ltsFrom': None, 'isEoas': True, 'eoasFrom': '2020-10-20', 'isEol': False, 'eolFrom': None, 'isMaintained': True, 'latest': {'name': '16.14.0', 'date': '2020-10-14', 'link': 'https://github.com/facebook/react/releases/tag/v16.14.0'}, 'custom': None}, {'name': '15', 'codename': None, 'label': '15', 'releaseDate': '2016-04-07', 'isLts': False, 'ltsFrom': None, 'isEoas': True, 'eoasFrom': '2020-10-14', 'isEol': False, 'eolFrom': None, 'isMaintained': True, 'latest': {'name': '15.7.0', 'date': '2020-10-14', 'link': 'https://github.com/facebook/react/releases/tag/v15.7.0'}, 'custom': None}]"
webpack,webpack,erro: 'int' object has no attribute 'lower',,,,,,,,,,,,,,,,,,,,,,
babel,babel,erro: 'int' object has no attribute 'lower',,,,,,,,,,,,,,,,,,,,,,
typescript,typescript,erro: 'int' object has no attribute 'lower',,,,,,,,,,,,,,,,,,,,,,
tailwindcss,tailwindcss,erro: 'int' object has no attribute 'lower',,,,,,,,,,,,,,,,,,,,,,
angular,angular,,framework,Security Support,Active Support,,20,20.1.2000,2026-11-21,angular,[],Angular,framework,"['framework', 'google', 'herodevs', 'javascript-runtime']",ng version,"[{'type': 'purl', 'id': 'pkg:npm/%40angular/core'}, {'type': 'purl', 'id': 'pkg:github/angular/angular'}, {'type': 'cpe', 'id': 'cpe:/a:angular:angular'}, {'type': 'cpe', 'id': 'cpe:2.3:a:angular:angular'}]",Active Support,,Security Support,Commercial Support,https://cdn.jsdelivr.net/npm/simple-icons/icons/angular.svg,https://endoflife.date/angular,https://angular.dev/reference/releases,"[{'name': '20', 'codename': None, 'label': '20', 'releaseDate': '2025-05-28', 'isLts': False, 'ltsFrom': None, 'isEoas': False, 'eoasFrom': '2025-11-21', 'isEol': False, 'eolFrom': '2026-11-21', 'isEoes': False, 'eoesFrom': None, 'isMaintained': True, 'latest': {'name': '20.1.0', 'date': '2025-07-09', 'link': 'https://github.com/angular/angular/releases/tag/20.1.0'}, 'custom': None}, {'name': '19', 'codename': None, 'label': '19', 'releaseDate': '2024-11-19', 'isLts': False, 'ltsFrom': None, 'isEoas': True, 'eoasFrom': '2025-05-28', 'isEol': False, 'eolFrom': '2026-05-19', 'isEoes': False, 'eoesFrom': None, 'isMaintained': True, 'latest': {'name': '19.2.14', 'date': '2025-05-28', 'link': 'https://github.com/angular/angular/releases/tag/19.2.14'}, 'custom': None}, {'name': '18', 'codename': None, 'label': '18', 'releaseDate': '2024-05-22', 'isLts': False, 'ltsFrom': None, 'isEoas': True, 'eoasFrom': '2024-11-19', 'isEol': False, 'eolFrom': '2025-11-21', 'isEoes': False, 'eoesFrom': None, 'isMaintained': True, 'latest': {'name': '18.2.13', 'date': '2024-11-26', 'link': 'https://github.com/angular/angular/releases/tag/18.2.13'}, 'custom': None}, {'name': '17', 'codename': None, 'label': '17', 'releaseDate': '2023-11-08', 'isLts': False, 'ltsFrom': None, 'isEoas': True, 'eoasFrom': '2024-05-08', 'isEol': True, 'eolFrom': '2025-05-15', 'isEoes': False, 'eoesFrom': None, 'isMaintained': True, 'latest': {'name': '17.3.12', 'date': '2024-07-17', 'link': 'https://github.com/angular/angular/releases/tag/17.3.12'}, 'custom': None}, {'name': '16', 'codename': None, 'label': '16', 'releaseDate': '2023-05-03', 'isLts': False, 'ltsFrom': None, 'isEoas': True, 'eoasFrom': '2023-11-08', 'isEol': True, 'eolFrom': '2024-11-08', 'isEoes': False, 'eoesFrom': None, 'isMaintained': True, 'latest': {'name': '16.2.12', 'date': '2023-11-02', 'link': 'https://github.com/angular/angular/releases/tag/16.2.12'}, 'custom': None}, {'name': '15', 'codename': None, 'label': '15', 'releaseDate': '2022-11-16', 'isLts': False, 'ltsFrom': None, 'isEoas': True, 'eoasFrom': '2023-05-03', 'isEol': True, 'eolFrom': '2024-05-18', 'isEoes': False, 'eoesFrom': None, 'isMaintained': True, 'latest': {'name': '15.2.10', 'date': '2023-10-04', 'link': 'https://github.com/angular/angular/releases/tag/15.2.10'}, 'custom': None}, {'name': '14', 'codename': None, 'label': '14', 'releaseDate': '2022-06-02', 'isLts': False, 'ltsFrom': None, 'isEoas': True, 'eoasFrom': '2022-11-18', 'isEol': True, 'eolFrom': '2023-11-18', 'isEoes': False, 'eoesFrom': None, 'isMaintained': True, 'latest': {'name': '14.3.0', 'date': '2023-03-13', 'link': 'https://github.com/angular/angular/releases/tag/14.3.0'}, 'custom': None}, {'name': '13', 'codename': None, 'label': '13', 'releaseDate': '2021-11-03', 'isLts': False, 'ltsFrom': None, 'isEoas': True, 'eoasFrom': '2022-06-02', 'isEol': True, 'eolFrom': '2023-05-04', 'isEoes': False, 'eoesFrom': None, 'isMaintained': True, 'latest': {'name': '13.4.0', 'date': '2023-04-06', 'link': 'https://github.com/angular/angular/releases/tag/13.4.0'}, 'custom': None}, {'name': '12', 'codename': None, 'label': '12', 'releaseDate': '2021-05-13', 'isLts': False, 'ltsFrom': None, 'isEoas': True, 'eoasFrom': '2021-11-12', 'isEol': True, 'eolFrom': '2022-11-12', 'isEoes': False, 'eoesFrom': None, 'isMaintained': True, 'latest': {'name': '12.2.17', 'date': '2022-11-22', 'link': 'https://github.com/angular/angular/releases/tag/12.2.17'}, 'custom': None}, {'name': '11', 'codename': None, 'label': '11', 'releaseDate': '2020-11-11', 'isLts': False, 'ltsFrom': None, 'isEoas': True, 'eoasFrom': '2021-05-11', 'isEol': True, 'eolFrom': '2022-05-11', 'isEoes': False, 'eoesFrom': None, 'isMaintained': True, 'latest': {'name': '11.2.14', 'date': '2021-05-12', 'link': 'https://github.com/angular/angular/releases/tag/11.2.14'}, 'custom': None}, {'name': '10', 'codename': None, 'label': '10', 'releaseDate': '2020-06-24', 'isLts': False, 'ltsFrom': None, 'isEoas': True, 'eoasFrom': '2020-12-24', 'isEol': True, 'eolFrom': '2021-12-24', 'isEoes': False, 'eoesFrom': None, 'isMaintained': True, 'latest': {'name': '10.2.5', 'date': '2021-04-21', 'link': 'https://github.com/angular/angular/releases/tag/10.2.5'}, 'custom': None}, {'name': '9', 'codename': None, 'label': '9', 'releaseDate': '2020-02-06', 'isLts': False, 'ltsFrom': None, 'isEoas': True, 'eoasFrom': '2020-08-06', 'isEol': True, 'eolFrom': '2021-08-06', 'isEoes': False, 'eoesFrom': None, 'isMaintained': True, 'latest': {'name': '9.1.13', 'date': '2020-12-16', 'link': 'https://github.com/angular/angular/releases/tag/9.1.13'}, 'custom': None}]"
bootstrap,bootstrap,,framework,Critical Support,Active Support,,5,5.3.2007,,bootstrap,[],Bootstrap,framework,"['css-runtime', 'framework', 'herodevs', 'javascript-runtime']",,"[{'type': 'repology', 'id': 'bootstrap'}, {'type': 'purl', 'id': 'pkg:npm/bootstrap'}, {'type': 'purl', 'id': 'pkg:nuget/bootstrap'}, {'type': 'purl', 'id': 'pkg:gem/bootstrap'}, {'type': 'purl', 'id': 'pkg:composer/twbs/bootstrap'}, {'type': 'purl', 'id': 'pkg:github/twbs/bootstrap'}]",Active Support,,Critical Support,Commercial Support,https://cdn.jsdelivr.net/npm/simple-icons/icons/bootstrap.svg,https://endoflife.date/bootstrap,https://github.com/twbs/release,"[{'name': '5', 'codename': None, 'label': '5 (LTS)', 'releaseDate': '2021-05-05', 'isLts': True, 'ltsFrom': '2022-07-19', 'isEoas': False, 'eoasFrom': None, 'isEol': False, 'eolFrom': None, 'isEoes': None, 'eoesFrom': None, 'isMaintained': True, 'latest': {'name': '5.3.7', 'date': '2025-06-10', 'link': 'https://github.com/twbs/bootstrap/releases/tag/v5.3.7'}, 'custom': None}, {'name': '4', 'codename': None, 'label': '4 (LTS)', 'releaseDate': '2018-01-18', 'isLts': True, 'ltsFrom': '2019-11-26', 'isEoas': True, 'eoasFrom': '2021-11-01', 'isEol': True, 'eolFrom': '2023-01-01', 'isEoes': False, 'eoesFrom': None, 'isMaintained': True, 'latest': {'name': '4.6.2', 'date': '2022-07-19', 'link': 'https://github.com/twbs/bootstrap/releases/tag/v4.6.2'}, 'custom': None}, {'name': '3', 'codename': None, 'label': '3 (LTS)', 'releaseDate': '2013-08-19', 'isLts': True, 'ltsFrom': '2014-11-01', 'isEoas': True, 'eoasFrom': '2016-09-05', 'isEol': True, 'eolFrom': '2019-07-24', 'isEoes': False, 'eoesFrom': None, 'isMaintained': True, 'latest': {'name': '3.4.1', 'date': '2019-02-13', 'link': 'https://github.com/twbs/bootstrap/releases/tag/v3.4.1'}, 'custom': None}, {'name': '2', 'codename': None, 'label': '2', 'releaseDate': '2012-01-31', 'isLts': False, 'ltsFrom': None, 'isEoas': True, 'eoasFrom': '2013-08-19', 'isEol': True, 'eolFrom': '2013-08-19', 'isEoes': False, 'eoesFrom': None, 'isMaintained': True, 'latest': {'name': '2.3.2', 'date': '2013-07-26', 'link': 'https://github.com/twbs/bootstrap/releases/tag/v2.3.2'}, 'custom': None}]"
numpy,numpy,,framework,Security Support,,,2.3,2.3.2001,2027-06-08,numpy,[],NumPy,framework,"['framework', 'python-runtime']","python -c ""import numpy; print(numpy.__version__)""","[{'type': 'purl', 'id': 'pkg:pypi/numpy'}, {'type': 'purl', 'id': 'pkg:github/numpy/numpy'}]",,,Security Support,,https://cdn.jsdelivr.net/npm/simple-icons/icons/numpy.svg,https://endoflife.date/numpy,https://numpy.org/neps/nep-0029-deprecation_policy.html,"[{'name': '2.3', 'codename': None, 'label': '2.3', 'releaseDate': '2025-06-07', 'isLts': False, 'ltsFrom': None, 'isEol': False, 'eolFrom': '2027-06-08', 'isMaintained': True, 'latest': {'name': '2.3.1', 'date': '2025-06-21', 'link': 'https://github.com/numpy/numpy/releases/tag/v2.3.1'}, 'custom': None}, {'name': '2.2', 'codename': None, 'label': '2.2', 'releaseDate': '2024-12-08', 'isLts': False, 'ltsFrom': None, 'isEol': False, 'eolFrom': '2026-12-09', 'isMaintained': True, 'latest': {'name': '2.2.6', 'date': '2025-05-17', 'link': 'https://github.com/numpy/numpy/releases/tag/v2.2.6'}, 'custom': None}, {'name': '2.1', 'codename': None, 'label': '2.1', 'releaseDate': '2024-08-18', 'isLts': False, 'ltsFrom': None, 'isEol': False, 'eolFrom': '2026-08-19', 'isMaintained': True, 'latest': {'name': '2.1.3', 'date': '2024-11-02', 'link': 'https://github.com/numpy/numpy/releases/tag/v2.1.3'}, 'custom': None}, {'name': '2.0', 'codename': None, 'label': '2.0', 'releaseDate': '2024-06-16', 'isLts': False, 'ltsFrom': None, 'isEol': False, 'eolFrom': '2026-06-17', 'isMaintained': True, 'latest': {'name': '2.0.2', 'date': '2024-08-26', 'link': 'https://github.com/numpy/numpy/releases/tag/v2.0.2'}, 'custom': None}, {'name': '1.26', 'codename': None, 'label': '1.26', 'releaseDate': '2023-09-16', 'isLts': False, 'ltsFrom': None, 'isEol': False, 'eolFrom': '2025-09-17', 'isMaintained': True, 'latest': {'name': '1.26.4', 'date': '2024-02-05', 'link': 'https://github.com/numpy/numpy/releases/tag/v1.26.4'}, 'custom': None}, {'name': '1.25', 'codename': None, 'label': '1.25', 'releaseDate': '2023-06-17', 'isLts': False, 'ltsFrom': None, 'isEol': True, 'eolFrom': '2025-06-18', 'isMaintained': False, 'latest': {'name': '1.25.2', 'date': '2023-07-31', 'link': 'https://github.com/numpy/numpy/releases/tag/v1.25.2'}, 'custom': None}, {'name': '1.24', 'codename': None, 'label': '1.24', 'releaseDate': '2022-12-18', 'isLts': False, 'ltsFrom': None, 'isEol': True, 'eolFrom': '2024-12-19', 'isMaintained': False, 'latest': {'name': '1.24.4', 'date': '2023-06-26', 'link': 'https://github.com/numpy/numpy/releases/tag/v1.24.4'}, 'custom': None}, {'name': '1.23', 'codename': None, 'label': '1.23', 'releaseDate': '2022-06-22', 'isLts': False, 'ltsFrom': None, 'isEol': True, 'eolFrom': '2024-06-24', 'isMaintained': False, 'latest': {'name': '1.23.5', 'date': '2022-11-20', 'link': 'https://github.com/numpy/numpy/releases/tag/v1.23.5'}, 'custom': None}, {'name': '1.22', 'codename': None, 'label': '1.22', 'releaseDate': '2021-12-31', 'isLts': False, 'ltsFrom': None, 'isEol': True, 'eolFrom': '2024-01-01', 'isMaintained': False, 'latest': {'name': '1.22.4', 'date': '2022-05-20', 'link': 'https://github.com/numpy/numpy/releases/tag/v1.22.4'}, 'custom': None}, {'name': '1.21', 'codename': None, 'label': '1.21', 'releaseDate': '2021-06-22', 'isLts': False, 'ltsFrom': None, 'isEol': True, 'eolFrom': '2023-06-23', 'isMaintained': False, 'latest': {'name': '1.21.6', 'date': '2022-04-12', 'link': 'https://github.com/numpy/numpy/releases/tag/v1.21.6'}, 'custom': None}, {'name': '1.20', 'codename': None, 'label': '1.20', 'releaseDate': '2021-01-30', 'isLts': False, 'ltsFrom': None, 'isEol': True, 'eolFrom': '2023-01-31', 'isMaintained': False, 'latest': {'name': '1.20.3', 'date': '2021-05-10', 'link': 'https://github.com/numpy/numpy/releases/tag/v1.20.3'}, 'custom': None}, {'name': '1.19', 'codename': None, 'label': '1.19', 'releaseDate': '2020-06-20', 'isLts': False, 'ltsFrom': None, 'isEol': True, 'eolFrom': '2022-06-21', 'isMaintained': False, 'latest': {'name': '1.19.5', 'date': '2021-01-05', 'link': 'https://github.com/numpy/numpy/releases/tag/v1.19.5'}, 'custom': None}, {'name': '1.18', 'codename': None, 'label': '1.18', 'releaseDate': '2019-12-22', 'isLts': False, 'ltsFrom': None, 'isEol': True, 'eolFrom': '2021-12-22', 'isMaintained': False, 'latest': {'name': '1.18.5', 'date': '2020-06-04', 'link': 'https://github.com/numpy/numpy/releases/tag/v1.18.5'}, 'custom': None}, {'name': '1.17', 'codename': None, 'label': '1.17', 'releaseDate': '2019-07-26', 'isLts': False, 'ltsFrom': None, 'isEol': True, 'eolFrom': '2021-07-26', 'isMaintained': False, 'latest': {'name': '1.17.5', 'date': '2020-01-01', 'link': 'https://github.com/numpy/numpy/releases/tag/v1.17.5'}, 'custom': None}, {'name': '1.16', 'codename': None, 'label': '1.16', 'releaseDate': '2019-01-14', 'isLts': False, 'ltsFrom': None, 'isEol': True, 'eolFrom': '2021-01-13', 'isMaintained': False, 'latest': {'name': '1.16.6', 'date': '2019-12-29', 'link': 'https://github.com/numpy/numpy/releases/tag/v1.16.6'}, 'custom': None}, {'name': '1.15', 'codename': None, 'label': '1.15', 'releaseDate': '2018-07-23', 'isLts': False, 'ltsFrom': None, 'isEol': True, 'eolFrom': '2020-07-23', 'isMaintained': False, 'latest': {'name': '1.15.4', 'date': '2018-11-04', 'link': 'https://github.com/numpy/numpy/releases/tag/v1.15.4'}, 'custom': None}, {'name': '1.14', 'codename': None, 'label': '1.14', 'releaseDate': '2018-01-06', 'isLts': False, 'ltsFrom': None, 'isEol': True, 'eolFrom': '2020-01-07', 'isMaintained': False, 'latest': {'name': '1.14.6', 'date': '2018-09-23', 'link': 'https://github.com/numpy/numpy/releases/tag/v1.14.6'}, 'custom': None}]"
pandas,pandas,erro: 'int' object has no attribute 'lower',,,,,,,,,,,,,,,,,,,,,,
vue,vue,,framework,Security Support,Active Support,,3.5,3.5.17,,vue,['vuejs'],Vue,framework,"['framework', 'herodevs', 'javascript-runtime']",npm list vue,"[{'type': 'repology', 'id': 'vue.js'}, {'type': 'purl', 'id': 'pkg:npm/vue'}, {'type': 'purl', 'id': 'pkg:github/vuejs/vue'}, {'type': 'purl', 'id': 'pkg:github/vuejs/core'}]",Active Support,,Security Support,Commercial Support,https://cdn.jsdelivr.net/npm/simple-icons/icons/vuedotjs.svg,https://endoflife.date/vue,https://vuejs.org/about/releases.html,"[{'name': '3.5', 'codename': None, 'label': '3.5', 'releaseDate': '2024-09-03', 'isLts': False, 'ltsFrom': None, 'isEoas': False, 'eoasFrom': None, 'isEol': False, 'eolFrom': None, 'isEoes': None, 'eoesFrom': None, 'isMaintained': True, 'latest': {'name': '3.5.17', 'date': '2025-06-18', 'link': 'https://github.com/vuejs/core/releases/tag/v3.5.17'}, 'custom': None}, {'name': '3.4', 'codename': None, 'label': '3.4', 'releaseDate': '2023-12-29', 'isLts': False, 'ltsFrom': None, 'isEoas': True, 'eoasFrom': '2024-09-03', 'isEol': True, 'eolFrom': '2024-09-03', 'isEoes': None, 'eoesFrom': None, 'isMaintained': False, 'latest': {'name': '3.4.38', 'date': '2024-08-15', 'link': 'https://github.com/vuejs/core/releases/tag/v3.4.38'}, 'custom': None}, {'name': '3.3', 'codename': None, 'label': '3.3', 'releaseDate': '2023-05-11', 'isLts': False, 'ltsFrom': None, 'isEoas': True, 'eoasFrom': '2023-12-29', 'isEol': True, 'eolFrom': '2023-12-29', 'isEoes': None, 'eoesFrom': None, 'isMaintained': False, 'latest': {'name': '3.3.13', 'date': '2023-12-19', 'link': 'https://github.com/vuejs/core/releases/tag/v3.3.13'}, 'custom': None}, {'name': '2.7', 'codename': None, 'label': '2.7', 'releaseDate': '2022-07-01', 'isLts': False, 'ltsFrom': None, 'isEoas': True, 'eoasFrom': '2023-12-31', 'isEol': True, 'eolFrom': '2023-12-31', 'isEoes': False, 'eoesFrom': None, 'isMaintained': True, 'latest': {'name': '2.7.16', 'date': '2023-12-24', 'link': 'https://github.com/vuejs/vue/releases/tag/v2.7.16'}, 'custom': None}, {'name': '3.2', 'codename': None, 'label': '3.2', 'releaseDate': '2021-08-09', 'isLts': False, 'ltsFrom': None, 'isEoas': True, 'eoasFrom': '2023-05-11', 'isEol': True, 'eolFrom': '2023-05-11', 'isEoes': None, 'eoesFrom': None, 'isMaintained': False, 'latest': {'name': '3.2.47', 'date': '2023-02-02', 'link': 'https://github.com/vuejs/core/releases/tag/v3.2.47'}, 'custom': None}, {'name': '3.1', 'codename': None, 'label': '3.1', 'releaseDate': '2021-06-07', 'isLts': False, 'ltsFrom': None, 'isEoas': True, 'eoasFrom': '2021-08-09', 'isEol': True, 'eolFrom': '2021-08-09', 'isEoes': None, 'eoesFrom': None, 'isMaintained': False, 'latest': {'name': '3.1.5', 'date': '2021-07-16', 'link': 'https://github.com/vuejs/core/releases/tag/v3.1.5'}, 'custom': None}, {'name': '3.0', 'codename': None, 'label': '3.0', 'releaseDate': '2020-09-18', 'isLts': False, 'ltsFrom': None, 'isEoas': True, 'eoasFrom': '2021-06-07', 'isEol': True, 'eolFrom': '2021-06-07', 'isEoes': None, 'eoesFrom': None, 'isMaintained': False, 'latest': {'name': '3.0.11', 'date': '2021-04-01', 'link': 'https://github.com/vuejs/core/releases/tag/v3.0.11'}, 'custom': None}, {'name': '2.6', 'codename': None, 'label': '2.6', 'releaseDate': '2019-02-04', 'isLts': False, 'ltsFrom': None, 'isEoas': True, 'eoasFrom': '2022-07-01', 'isEol': True, 'eolFrom': '2022-07-01', 'isEoes': False, 'eoesFrom': None, 'isMaintained': True, 'latest': {'name': '2.6.14', 'date': '2021-06-07', 'link': 'https://github.com/vuejs/vue/releases/tag/v2.6.14'}, 'custom': None}, {'name': '2.5', 'codename': None, 'label': '2.5', 'releaseDate': '2017-10-13', 'isLts': False, 'ltsFrom': None, 'isEoas': True, 'eoasFrom': '2019-02-04', 'isEol': True, 'eolFrom': '2019-02-04', 'isEoes': True, 'eoesFrom': None, 'isMaintained': False, 'latest': {'name': '2.5.22', 'date': '2019-01-11', 'link': 'https://github.com/vuejs/vue/releases/tag/v2.5.22'}, 'custom': None}, {'name': '2.4', 'codename': None, 'label': '2.4', 'releaseDate': '2017-07-13', 'isLts': False, 'ltsFrom': None, 'isEoas': True, 'eoasFrom': '2017-10-13', 'isEol': True, 'eolFrom': '2017-10-13', 'isEoes': True, 'eoesFrom': None, 'isMaintained': False, 'latest': {'name': '2.4.4', 'date': '2017-09-14', 'link': 'https://github.com/vuejs/vue/releases/tag/v2.4.4'}, 'custom': None}, {'name': '2.3', 'codename': None, 'label': '2.3', 'releaseDate': '2017-04-27', 'isLts': False, 'ltsFrom': None, 'isEoas': True, 'eoasFrom': '2017-07-13', 'isEol': True, 'eolFrom': '2017-07-13', 'isEoes': True, 'eoesFrom': None, 'isMaintained': False, 'latest': {'name': '2.3.4', 'date': '2017-06-08', 'link': 'https://github.com/vuejs/vue/releases/tag/v2.3.4'}, 'custom': None}, {'name': '2.2', 'codename': None, 'label': '2.2', 'releaseDate': '2017-02-26', 'isLts': False, 'ltsFrom': None, 'isEoas': True, 'eoasFrom': '2017-04-27', 'isEol': True, 'eolFrom': '2017-04-27', 'isEoes': True, 'eoesFrom': None, 'isMaintained': False, 'latest': {'name': '2.2.6', 'date': '2017-03-27', 'link': 'https://github.com/vuejs/vue/releases/tag/v2.2.6'}, 'custom': None}, {'name': '2.1', 'codename': None, 'label': '2.1', 'releaseDate': '2016-11-22', 'isLts': False, 'ltsFrom': None, 'isEoas': True, 'eoasFrom': '2017-02-26', 'isEol': True, 'eolFrom': '2017-02-26', 'isEoes': True, 'eoesFrom': None, 'isMaintained': False, 'latest': {'name': '2.1.10', 'date': '2017-01-17', 'link': 'https://github.com/vuejs/vue/releases/tag/v2.1.10'}, 'custom': None}, {'name': '2.0', 'codename': None, 'label': '2.0', 'releaseDate': '2016-09-30', 'isLts': False, 'ltsFrom': None, 'isEoas': True, 'eoasFrom': '2016-11-22', 'isEol': True, 'eolFrom': '2016-11-22', 'isEoes': True, 'eoesFrom': None, 'isMaintained': False, 'latest': {'name': '2.0.8', 'date': '2016-11-20', 'link': 'https://github.com/vuejs/vue/releases/tag/v2.0.8'}, 'custom': None}, {'name': '1', 'codename': None, 'label': '1', 'releaseDate': '2015-10-27', 'isLts': False, 'ltsFrom': None, 'isEoas': True, 'eoasFrom': None, 'isEol': True, 'eolFrom': None, 'isEoes': None, 'eoesFrom': None, 'isMaintained': False, 'latest': {'name': '1.0.28', 'date': '2016-09-27', 'link': 'https://github.com/vuejs/vue/releases/tag/v1.0.28'}, 'custom': None}]"
django,django,,framework,Security Support,Active Support,,5.2,5.2.2004,2028-04-30,django,[],Django,framework,"['framework', 'python-runtime']","python -c ""import django; print(django.get_version())""","[{'type': 'repology', 'id': 'python:django'}, {'type': 'purl', 'id': 'pkg:github/django/django'}, {'type': 'purl', 'id': 'pkg:pypi/django'}, {'type': 'cpe', 'id': 'cpe:2.3:a:djangoproject:django'}, {'type': 'cpe', 'id': 'cpe:/a:djangoproject:django'}]",Active Support,,Security Support,,https://cdn.jsdelivr.net/npm/simple-icons/icons/django.svg,https://endoflife.date/django,https://www.djangoproject.com/download/#supported-versions,"[{'name': '5.2', 'codename': None, 'label': '5.2 (LTS)', 'releaseDate': '2025-04-02', 'isLts': True, 'ltsFrom': None, 'isEoas': False, 'eoasFrom': '2025-12-31', 'isEol': False, 'eolFrom': '2028-04-30', 'isMaintained': True, 'latest': {'name': '5.2.4', 'date': '2025-07-02', 'link': 'https://docs.djangoproject.com/en/5.2/releases/5.2.4/'}, 'custom': {'supportedPythonVersions': '3.10 - 3.13'}}, {'name': '5.1', 'codename': None, 'label': '5.1', 'releaseDate': '2024-08-07', 'isLts': False, 'ltsFrom': None, 'isEoas': True, 'eoasFrom': '2025-04-02', 'isEol': False, 'eolFrom': '2025-12-31', 'isMaintained': True, 'latest': {'name': '5.1.11', 'date': '2025-06-10', 'link': 'https://docs.djangoproject.com/en/5.1/releases/5.1.11/'}, 'custom': {'supportedPythonVersions': '3.10 - 3.13 (added in 5.1.3)'}}, {'name': '5.0', 'codename': None, 'label': '5.0', 'releaseDate': '2023-12-04', 'isLts': False, 'ltsFrom': None, 'isEoas': True, 'eoasFrom': '2024-08-07', 'isEol': True, 'eolFrom': '2025-04-02', 'isMaintained': False, 'latest': {'name': '5.0.14', 'date': '2025-04-02', 'link': 'https://docs.djangoproject.com/en/5.0/releases/5.0.14/'}, 'custom': {'supportedPythonVersions': '3.10 - 3.12'}}, {'name': '4.2', 'codename': None, 'label': '4.2 (LTS)', 'releaseDate': '2023-04-03', 'isLts': True, 'ltsFrom': None, 'isEoas': True, 'eoasFrom': '2023-12-04', 'isEol': False, 'eolFrom': '2026-04-30', 'isMaintained': True, 'latest': {'name': '4.2.23', 'date': '2025-06-10', 'link': 'https://docs.djangoproject.com/en/4.2/releases/4.2.23/'}, 'custom': {'supportedPythonVersions': '3.8 - 3.12 (added in 4.2.8)'}}, {'name': '4.1', 'codename': None, 'label': '4.1', 'releaseDate': '2022-08-03', 'isLts': False, 'ltsFrom': None, 'isEoas': True, 'eoasFrom': '2023-04-05', 'isEol': True, 'eolFrom': '2023-12-01', 'isMaintained': False, 'latest': {'name': '4.1.13', 'date': '2023-11-01', 'link': 'https://docs.djangoproject.com/en/4.1/releases/4.1.13/'}, 'custom': {'supportedPythonVersions': '3.8 - 3.11 (added in 4.1.3)'}}, {'name': '4.0', 'codename': None, 'label': '4.0', 'releaseDate': '2021-12-07', 'isLts': False, 'ltsFrom': None, 'isEoas': True, 'eoasFrom': '2022-08-03', 'isEol': True, 'eolFrom': '2023-04-01', 'isMaintained': False, 'latest': {'name': '4.0.10', 'date': '2023-02-14', 'link': 'https://docs.djangoproject.com/en/4.0/releases/4.0.10/'}, 'custom': {'supportedPythonVersions': '3.8 - 3.10'}}, {'name': '3.2', 'codename': None, 'label': '3.2 (LTS)', 'releaseDate': '2021-04-06', 'isLts': True, 'ltsFrom': None, 'isEoas': True, 'eoasFrom': '2021-12-07', 'isEol': True, 'eolFrom': '2024-04-01', 'isMaintained': False, 'latest': {'name': '3.2.25', 'date': '2024-03-04', 'link': 'https://docs.djangoproject.com/en/3.2/releases/3.2.25/'}, 'custom': {'supportedPythonVersions': '3.6 - 3.10 (added in 3.2.9)'}}, {'name': '3.1', 'codename': None, 'label': '3.1', 'releaseDate': '2020-08-04', 'isLts': False, 'ltsFrom': None, 'isEoas': True, 'eoasFrom': '2021-04-06', 'isEol': True, 'eolFrom': '2021-12-07', 'isMaintained': False, 'latest': {'name': '3.1.14', 'date': '2021-12-07', 'link': 'https://docs.djangoproject.com/en/3.1/releases/3.1.14/'}, 'custom': {'supportedPythonVersions': '3.6 - 3.9 (added in 3.1.3)'}}, {'name': '3.0', 'codename': None, 'label': '3.0', 'releaseDate': '2019-12-02', 'isLts': False, 'ltsFrom': None, 'isEoas': True, 'eoasFrom': '2020-08-03', 'isEol': True, 'eolFrom': '2021-04-06', 'isMaintained': False, 'latest': {'name': '3.0.14', 'date': '2021-04-06', 'link': 'https://docs.djangoproject.com/en/3.0/releases/3.0.14/'}, 'custom': {'supportedPythonVersions': '3.6 - 3.9 (added in 3.0.11)'}}, {'name': '2.2', 'codename': None, 'label': '2.2 (LTS)', 'releaseDate': '2019-04-01', 'isLts': True, 'ltsFrom': None, 'isEoas': True, 'eoasFrom': '2019-12-02', 'isEol': True, 'eolFrom': '2022-04-11', 'isMaintained': False, 'latest': {'name': '2.2.28', 'date': '2022-04-11', 'link': 'https://docs.djangoproject.com/en/2.2/releases/2.2.28/'}, 'custom': {'supportedPythonVersions': '3.5 - 3.9 (added in 2.2.17)'}}, {'name': '2.1', 'codename': None, 'label': '2.1', 'releaseDate': '2018-08-01', 'isLts': False, 'ltsFrom': None, 'isEoas': True, 'eoasFrom': '2019-04-01', 'isEol': True, 'eolFrom': '2019-12-02', 'isMaintained': False, 'latest': {'name': '2.1.15', 'date': '2019-12-02', 'link': 'https://docs.djangoproject.com/en/2.1/releases/2.1.15/'}, 'custom': {'supportedPythonVersions': '3.5 - 3.7'}}, {'name': '2.0', 'codename': None, 'label': '2.0', 'releaseDate': '2017-12-02', 'isLts': False, 'ltsFrom': None, 'isEoas': True, 'eoasFrom': '2018-08-01', 'isEol': True, 'eolFrom': '2019-04-01', 'isMaintained': False, 'latest': {'name': '2.0.13', 'date': '2019-02-12', 'link': 'https://docs.djangoproject.com/en/2.0/releases/2.0.13/'}, 'custom': {'supportedPythonVersions': '3.4 - 3.7'}}, {'name': '1.11', 'codename': None, 'label': '1.11 (LTS)', 'releaseDate': '2017-04-04', 'isLts': True, 'ltsFrom': None, 'isEoas': True, 'eoasFrom': '2017-12-02', 'isEol': True, 'eolFrom': '2020-04-01', 'isMaintained': False, 'latest': {'name': '1.11.29', 'date': '2020-03-04', 'link': 'https://docs.djangoproject.com/en/1.11/releases/1.11.29/'}, 'custom': {'supportedPythonVersions': '2.7 - 3.7 (added in 1.11.17)'}}]"
scikit-learn,scikit-learn,erro: 'int' object has no attribute 'lower',,,,,,,,,,,,,,,,,,,,,,
next,next,erro: 'int' object has no attribute 'lower',,,,,,,,,,,,,,,,,,,,,,
flask,flask,erro: 'int' object has no attribute 'lower',,,,,,,,,,,,,,,,,,,,,,
sqlalchemy,sqlalchemy,erro: 'int' object has no attribute 'lower',,,,,,,,,,,,,,,,,,,,,,
requests,requests,erro: 'int' object has no attribute 'lower',,,,,,,,,,,,,,,,,,,,,,
matplotlib,matplotlib,erro: 'int' object has no attribute 'lower',,,,,,,,,,,,,,,,,,,,,,
keras,keras,erro: 'int' object has no attribute 'lower',,,,,,,,,,,,,,,,,,,,,,
tensorflow,tensorflow,erro: 'int' object has no attribute 'lower',,,,,,,,,,,,,,,,,,,,,,
jinja2,jinja2,erro: 'int' object has no attribute 'lower',,,,,,,,,,,,,,,,,,,,,,
guava,guava,erro: 'int' object has no attribute 'lower',,,,,,,,,,,,,,,,,,,,,,
log4j,log4j,,framework,Supported,,,2,2.25.0,,log4j,"['apache_log4j', 'apache-log4j']",Apache Log4j,framework,"['framework', 'java-runtime']",,"[{'type': 'repology', 'id': 'log4j'}, {'type': 'cpe', 'id': 'cpe:/a:apache:log4j'}, {'type': 'cpe', 'id': 'cpe:2.3:a:apache:log4j'}, {'type': 'purl', 'id': 'pkg:maven/org.apache.logging.log4j/log4j-core'}, {'type': 'purl', 'id': 'pkg:maven/log4j/log4j'}]",,,Supported,,https://cdn.jsdelivr.net/npm/simple-icons/icons/apache.svg,https://endoflife.date/log4j,https://logging.apache.org/log4j/2.x/security.html,"[{'name': '2', 'codename': None, 'label': '2', 'releaseDate': '2014-07-12', 'isLts': False, 'ltsFrom': None, 'isEol': False, 'eolFrom': None, 'isMaintained': True, 'latest': {'name': '2.25.0', 'date': '2025-06-13', 'link': 'https://logging.apache.org/log4j/2.0/release-notes.html#release-notes-2-25-0'}, 'custom': None}, {'name': '2.12', 'codename': None, 'label': '2.12', 'releaseDate': '2019-06-26', 'isLts': False, 'ltsFrom': None, 'isEol': True, 'eolFrom': '2021-12-14', 'isMaintained': False, 'latest': {'name': '2.12.4', 'date': '2021-12-28', 'link': 'https://github.com/apache/logging-log4j2/blob/rel/2.12.4/RELEASE-NOTES.md'}, 'custom': None}, {'name': '2.3', 'codename': None, 'label': '2.3', 'releaseDate': '2015-05-10', 'isLts': False, 'ltsFrom': None, 'isEol': True, 'eolFrom': '2015-09-20', 'isMaintained': False, 'latest': {'name': '2.3.2', 'date': '2021-12-29', 'link': 'https://github.com/apache/logging-log4j2/blob/rel/2.3.2/RELEASE-NOTES.txt'}, 'custom': None}, {'name': '1', 'codename': None, 'label': '1', 'releaseDate': '2001-01-08', 'isLts': False, 'ltsFrom': None, 'isEol': True, 'eolFrom': '2015-10-15', 'isMaintained': False, 'latest': {'name': '1.2.17', 'date': '2012-05-06', 'link': 'https://logging.apache.org/log4j/1.2/changes-report.html#a1.2.17'}, 'custom': None}]"
jackson,jackson,erro: 'int' object has no attribute 'lower',,,,,,,,,,,,,,,,,,,,,,
EntityFramework,entityframework,erro: 'int' object has no attribute 'lower',,,,,,,,,,,,,,,,,,,,,,
pytest,pytest,erro: 'int' object has no attribute 'lower',,,,,,,,,,,,,,,,,,,,,,
rack,rack,erro: 'int' object has no attribute 'lower',,,,,,,,,,,,,,,,,,,,,,
spring-boot,spring-boot,,framework,OSS support,,,3.5,3.5.2003,2026-06-30,spring-boot,['springboot'],Spring Boot,framework,"['framework', 'java-runtime', 'vmware']",,"[{'type': 'purl', 'id': 'pkg:maven/org.springframework.boot/spring-boot'}, {'type': 'purl', 'id': 'pkg:maven/org.springframework.boot/spring-boot-starter'}, {'type': 'purl', 'id': 'pkg:maven/org.springframework.boot/spring-boot-starter-web'}, {'type': 'purl', 'id': 'pkg:maven/org.springframework.boot/spring-boot-starter-data-jpa'}, {'type': 'purl', 'id': 'pkg:maven/org.springframework.boot/spring-boot-starter-jdbc'}, {'type': 'purl', 'id': 'pkg:maven/org.springframework.boot/spring-boot-starter-data-mongodb'}, {'type': 'purl', 'id': 'pkg:maven/org.springframework.boot/spring-boot-starter-security'}, {'type': 'purl', 'id': 'pkg:maven/org.springframework.boot/spring-boot-starter-test'}, {'type': 'purl', 'id': 'pkg:maven/org.springframework.boot/spring-boot-starter-thymeleaf'}, {'type': 'purl', 'id': 'pkg:maven/org.springframework.boot/spring-boot-starter-amqp'}, {'type': 'purl', 'id': 'pkg:maven/org.springframework.boot/spring-boot-starter-websocket'}, {'type': 'purl', 'id': 'pkg:maven/org.springframework.boot/spring-boot-starter-actuator'}, {'type': 'purl', 'id': 'pkg:maven/org.springframework.boot/spring-boot-starter-undertow'}, {'type': 'purl', 'id': 'pkg:maven/org.springframework.boot/spring-boot-autoconfigure'}, {'type': 'purl', 'id': 'pkg:maven/org.springframework.boot/spring-boot-actuator-autoconfigure'}, {'type': 'purl', 'id': 'pkg:maven/org.springframework.boot/spring-boot-starter-webflux'}, {'type': 'purl', 'id': 'pkg:maven/org.springframework.boot/spring-boot-starter-aop'}, {'type': 'purl', 'id': 'pkg:maven/org.springframework.boot/spring-boot-starter-tomcat'}, {'type': 'purl', 'id': 'pkg:maven/org.springframework.boot/spring-boot-starter-logging'}, {'type': 'purl', 'id': 'pkg:github/spring-projects/spring-boot'}, {'type': 'repology', 'id': 'springboot'}]",,,OSS support,Commercial Support,https://cdn.jsdelivr.net/npm/simple-icons/icons/springboot.svg,https://endoflife.date/spring-boot,https://github.com/spring-projects/spring-boot/wiki/Supported-Versions,"[{'name': '3.5', 'codename': None, 'label': '3.5', 'releaseDate': '2025-05-22', 'isLts': False, 'ltsFrom': None, 'isEol': False, 'eolFrom': '2026-06-30', 'isEoes': False, 'eoesFrom': '2032-06-30', 'isMaintained': True, 'latest': {'name': '3.5.3', 'date': '2025-06-19', 'link': 'https://github.com/spring-projects/spring-boot/releases/tag/v3.5.3'}, 'custom': {'supportedJavaVersions': '17 - 24'}}, {'name': '3.4', 'codename': None, 'label': '3.4', 'releaseDate': '2024-11-21', 'isLts': False, 'ltsFrom': None, 'isEol': False, 'eolFrom': '2025-12-31', 'isEoes': False, 'eoesFrom': '2026-12-31', 'isMaintained': True, 'latest': {'name': '3.4.7', 'date': '2025-06-19', 'link': 'https://github.com/spring-projects/spring-boot/releases/tag/v3.4.7'}, 'custom': {'supportedJavaVersions': '17 - 24'}}, {'name': '3.3', 'codename': None, 'label': '3.3', 'releaseDate': '2024-05-23', 'isLts': False, 'ltsFrom': None, 'isEol': True, 'eolFrom': '2025-06-30', 'isEoes': False, 'eoesFrom': '2026-06-30', 'isMaintained': True, 'latest': {'name': '3.3.13', 'date': '2025-06-19', 'link': 'https://github.com/spring-projects/spring-boot/releases/tag/v3.3.13'}, 'custom': {'supportedJavaVersions': '17 - 23'}}, {'name': '3.2', 'codename': None, 'label': '3.2', 'releaseDate': '2023-11-23', 'isLts': False, 'ltsFrom': None, 'isEol': True, 'eolFrom': '2024-12-31', 'isEoes': False, 'eoesFrom': '2025-12-31', 'isMaintained': True, 'latest': {'name': '3.2.12', 'date': '2024-11-21', 'link': 'https://github.com/spring-projects/spring-boot/releases/tag/v3.2.12'}, 'custom': {'supportedJavaVersions': '17 - 21'}}, {'name': '3.1', 'codename': None, 'label': '3.1', 'releaseDate': '2023-05-18', 'isLts': False, 'ltsFrom': None, 'isEol': True, 'eolFrom': '2024-06-30', 'isEoes': True, 'eoesFrom': '2025-06-30', 'isMaintained': False, 'latest': {'name': '3.1.12', 'date': '2024-05-23', 'link': 'https://github.com/spring-projects/spring-boot/releases/tag/v3.1.12'}, 'custom': {'supportedJavaVersions': '17 - 21'}}, {'name': '3.0', 'codename': None, 'label': '3.0', 'releaseDate': '2022-11-24', 'isLts': False, 'ltsFrom': None, 'isEol': True, 'eolFrom': '2023-12-31', 'isEoes': True, 'eoesFrom': '2024-12-31', 'isMaintained': False, 'latest': {'name': '3.0.13', 'date': '2023-11-23', 'link': 'https://github.com/spring-projects/spring-boot/releases/tag/v3.0.13'}, 'custom': {'supportedJavaVersions': '17 - 21'}}, {'name': '2.7', 'codename': None, 'label': '2.7', 'releaseDate': '2022-05-19', 'isLts': False, 'ltsFrom': None, 'isEol': True, 'eolFrom': '2023-06-30', 'isEoes': False, 'eoesFrom': '2029-06-30', 'isMaintained': True, 'latest': {'name': '2.7.18', 'date': '2023-11-23', 'link': 'https://github.com/spring-projects/spring-boot/releases/tag/v2.7.18'}, 'custom': {'supportedJavaVersions': '8 - 21'}}, {'name': '2.6', 'codename': None, 'label': '2.6', 'releaseDate': '2021-11-17', 'isLts': False, 'ltsFrom': None, 'isEol': True, 'eolFrom': '2022-11-24', 'isEoes': True, 'eoesFrom': '2024-02-24', 'isMaintained': False, 'latest': {'name': '2.6.15', 'date': '2023-05-18', 'link': 'https://github.com/spring-projects/spring-boot/releases/tag/v2.6.15'}, 'custom': {'supportedJavaVersions': '8 - 19'}}, {'name': '2.5', 'codename': None, 'label': '2.5', 'releaseDate': '2021-05-20', 'isLts': False, 'ltsFrom': None, 'isEol': True, 'eolFrom': '2022-05-19', 'isEoes': True, 'eoesFrom': '2023-08-24', 'isMaintained': False, 'latest': {'name': '2.5.15', 'date': '2023-05-18', 'link': 'https://github.com/spring-projects/spring-boot/releases/tag/v2.5.15'}, 'custom': {'supportedJavaVersions': '8 - 18'}}, {'name': '2.4', 'codename': None, 'label': '2.4', 'releaseDate': '2020-11-12', 'isLts': False, 'ltsFrom': None, 'isEol': True, 'eolFrom': '2021-11-18', 'isEoes': True, 'eoesFrom': '2023-02-23', 'isMaintained': False, 'latest': {'name': '2.4.13', 'date': '2021-11-18', 'link': 'https://github.com/spring-projects/spring-boot/releases/tag/v2.4.13'}, 'custom': {'supportedJavaVersions': '8 - 16'}}, {'name': '2.3', 'codename': None, 'label': '2.3', 'releaseDate': '2020-05-15', 'isLts': False, 'ltsFrom': None, 'isEol': True, 'eolFrom': '2021-05-20', 'isEoes': True, 'eoesFrom': '2022-08-20', 'isMaintained': False, 'latest': {'name': '2.3.12', 'date': '2021-06-10', 'link': 'https://github.com/spring-projects/spring-boot/releases/tag/v2.3.12.RELEASE'}, 'custom': {'supportedJavaVersions': '8 - 15'}}, {'name': '2.2', 'codename': None, 'label': '2.2', 'releaseDate': '2019-10-16', 'isLts': False, 'ltsFrom': None, 'isEol': True, 'eolFrom': '2020-10-16', 'isEoes': True, 'eoesFrom': '2022-01-16', 'isMaintained': False, 'latest': {'name': '2.2.13', 'date': '2021-01-14', 'link': 'https://github.com/spring-projects/spring-boot/releases/tag/v2.2.13.RELEASE'}, 'custom': {'supportedJavaVersions': '8 - 15'}}, {'name': '2.1', 'codename': None, 'label': '2.1', 'releaseDate': '2018-10-30', 'isLts': False, 'ltsFrom': None, 'isEol': True, 'eolFrom': '2019-10-30', 'isEoes': True, 'eoesFrom': '2021-01-30', 'isMaintained': False, 'latest': {'name': '2.1.18', 'date': '2020-10-29', 'link': 'https://github.com/spring-projects/spring-boot/releases/tag/v2.1.18.RELEASE'}, 'custom': {'supportedJavaVersions': '8 - 12'}}, {'name': '2.0', 'codename': None, 'label': '2.0', 'releaseDate': '2018-03-01', 'isLts': False, 'ltsFrom': None, 'isEol': True, 'eolFrom': '2019-03-01', 'isEoes': True, 'eoesFrom': '2020-06-01', 'isMaintained': False, 'latest': {'name': '2.0.9', 'date': '2019-04-03', 'link': 'https://github.com/spring-projects/spring-boot/releases/tag/v2.0.9.RELEASE'}, 'custom': {'supportedJavaVersions': '8 - 9'}}, {'name': '1.5', 'codename': None, 'label': '1.5', 'releaseDate': '2017-01-30', 'isLts': False, 'ltsFrom': None, 'isEol': True, 'eolFrom': '2019-08-06', 'isEoes': True, 'eoesFrom': '2020-11-06', 'isMaintained': False, 'latest': {'name': '1.5.22', 'date': '2019-08-06', 'link': 'https://github.com/spring-projects/spring-boot/releases/tag/v1.5.22.RELEASE'}, 'custom': {'supportedJavaVersions': '6 - 8'}}]"
sinatra,sinatra,erro: 'int' object has no attribute 'lower',,,,,,,,,,,,,,,,,,,,,,
junit,junit,erro: 'int' object has no attribute 'lower',,,,,,,,,,,,,,,,,,,,,,
Newtonsoft.Json,newtonsoft-json,erro: 'int' object has no attribute 'lower',,,,,,,,,,,,,,,,,,,,,,
hibernate,hibernate,erro: 'int' object has no attribute 'lower',,,,,,,,,,,,,,,,,,,,,,
laravel,laravel,,framework,Security Support,Active Support,,12,12.20.0,2027-02-24,laravel,[],Laravel,framework,"['framework', 'php-runtime']",composer show laravel/framework|grep versions,"[{'type': 'purl', 'id': 'pkg:composer/laravel/laravel'}, {'type': 'purl', 'id': 'pkg:docker/bitnami/laravel'}, {'type': 'purl', 'id': 'pkg:github/laravel/framework'}, {'type': 'repology', 'id': 'php:laravel-framework'}]",Active Support,,Security Support,,https://cdn.jsdelivr.net/npm/simple-icons/icons/laravel.svg,https://endoflife.date/laravel,https://laravel.com/docs/master/releases#support-policy,"[{'name': '12', 'codename': None, 'label': '12', 'releaseDate': '2025-02-24', 'isLts': False, 'ltsFrom': None, 'isEoas': False, 'eoasFrom': '2026-08-16', 'isEol': False, 'eolFrom': '2027-02-24', 'isMaintained': True, 'latest': {'name': '12.20.0', 'date': '2025-07-08', 'link': 'https://laravel.com/docs/12.x/releases'}, 'custom': {'supportedPhpVersions': '8.2 - 8.4'}}, {'name': '11', 'codename': None, 'label': '11', 'releaseDate': '2024-03-12', 'isLts': False, 'ltsFrom': None, 'isEoas': False, 'eoasFrom': '2025-09-03', 'isEol': False, 'eolFrom': '2026-03-12', 'isMaintained': True, 'latest': {'name': '11.45.1', 'date': '2025-06-03', 'link': 'https://laravel.com/docs/11.x/releases'}, 'custom': {'supportedPhpVersions': '8.2 - 8.4'}}, {'name': '10', 'codename': None, 'label': '10', 'releaseDate': '2023-02-14', 'isLts': False, 'ltsFrom': None, 'isEoas': True, 'eoasFrom': '2024-08-06', 'isEol': True, 'eolFrom': '2025-02-04', 'isMaintained': False, 'latest': {'name': '10.48.29', 'date': '2025-03-12', 'link': 'https://laravel.com/docs/10.x/releases'}, 'custom': {'supportedPhpVersions': '8.1 - 8.3'}}, {'name': '9', 'codename': None, 'label': '9', 'releaseDate': '2022-02-08', 'isLts': False, 'ltsFrom': None, 'isEoas': True, 'eoasFrom': '2023-08-08', 'isEol': True, 'eolFrom': '2024-02-06', 'isMaintained': False, 'latest': {'name': '9.52.20', 'date': '2025-01-31', 'link': 'https://laravel.com/docs/9.x/releases'}, 'custom': {'supportedPhpVersions': '8.0 - 8.2'}}, {'name': '8', 'codename': None, 'label': '8', 'releaseDate': '2020-09-08', 'isLts': False, 'ltsFrom': None, 'isEoas': True, 'eoasFrom': '2022-07-26', 'isEol': True, 'eolFrom': '2023-01-24', 'isMaintained': False, 'latest': {'name': '8.83.29', 'date': '2024-11-20', 'link': 'https://laravel.com/docs/8.x/releases'}, 'custom': {'supportedPhpVersions': '7.3 - 8.1'}}, {'name': '7', 'codename': None, 'label': '7', 'releaseDate': '2020-03-03', 'isLts': False, 'ltsFrom': None, 'isEoas': True, 'eoasFrom': '2020-10-06', 'isEol': True, 'eolFrom': '2021-03-03', 'isMaintained': False, 'latest': {'name': '7.30.7', 'date': '2024-11-12', 'link': 'https://laravel.com/docs/7.x/releases'}, 'custom': {'supportedPhpVersions': '7.2 - 8.0'}}, {'name': '6', 'codename': None, 'label': '6 (LTS)', 'releaseDate': '2019-09-03', 'isLts': True, 'ltsFrom': None, 'isEoas': True, 'eoasFrom': '2022-01-25', 'isEol': True, 'eolFrom': '2022-09-06', 'isMaintained': False, 'latest': {'name': '6.20.45', 'date': '2024-11-12', 'link': 'https://laravel.com/docs/6.x/releases'}, 'custom': {'supportedPhpVersions': '7.2 - 8.0'}}, {'name': '5.8', 'codename': None, 'label': '5.8', 'releaseDate': '2019-02-26', 'isLts': False, 'ltsFrom': None, 'isEoas': True, 'eoasFrom': '2019-08-26', 'isEol': True, 'eolFrom': '2020-02-26', 'isMaintained': False, 'latest': {'name': '5.8.38', 'date': '2020-04-14', 'link': 'https://laravel.com/docs/5.8/releases'}, 'custom': {'supportedPhpVersions': '7.1 - 7.3'}}, {'name': '5.5', 'codename': None, 'label': '5.5 (LTS)', 'releaseDate': '2017-08-30', 'isLts': True, 'ltsFrom': None, 'isEoas': True, 'eoasFrom': '2019-08-30', 'isEol': True, 'eolFrom': '2020-08-30', 'isMaintained': False, 'latest': {'name': '5.5.50', 'date': '2020-08-18', 'link': 'https://laravel.com/docs/5.5/releases'}, 'custom': {'supportedPhpVersions': '7.0 - 7.1'}}]"
NLog,nlog,erro: 'int' object has no attribute 'lower',,,,,,,,,,,,,,,,,,,,,,
Serilog,serilog,erro: 'int' object has no attribute 'lower',,,,,,,,,,,,,,,,,,,,,,
gin,gin,erro: 'int' object has no attribute 'lower',,,,,,,,,,,,,,,,,,,,,,
gorilla/mux,gorilla-mux,erro: 'int' object has no attribute 'lower',,,,,,,,,,,,,,,,,,,,,,
logrus,logrus,erro: 'int' object has no attribute 'lower',,,,,,,,,,,,,,,,,,,,,,
tokio,tokio,erro: 'int' object has no attribute 'lower',,,,,,,,,,,,,,,,,,,,,,
rails,rails,,framework,Security Support,Active Support,,8.0,8.0.2,2026-11-07,rails,"['rubyonrails', 'ruby-on-rails', 'roro', 'ror']",Ruby on Rails,framework,"['framework', 'ruby-runtime']",,"[{'type': 'repology', 'id': 'ruby:rails'}, {'type': 'purl', 'id': 'pkg:gem/rails'}, {'type': 'purl', 'id': 'pkg:github/rails/rails'}]",Active Support,,Security Support,,https://cdn.jsdelivr.net/npm/simple-icons/icons/rubyonrails.svg,https://endoflife.date/rails,https://rubyonrails.org/maintenance,"[{'name': '8.0', 'codename': None, 'label': '8.0', 'releaseDate': '2024-11-07', 'isLts': False, 'ltsFrom': None, 'isEoas': False, 'eoasFrom': '2025-11-07', 'isEol': False, 'eolFrom': '2026-11-07', 'isMaintained': True, 'latest': {'name': '8.0.2', 'date': '2025-03-12', 'link': 'https://github.com/rails/rails/releases/tag/v8.0.2'}, 'custom': None}, {'name': '7.2', 'codename': None, 'label': '7.2', 'releaseDate': '2024-08-09', 'isLts': False, 'ltsFrom': None, 'isEoas': False, 'eoasFrom': '2025-08-09', 'isEol': False, 'eolFrom': '2026-08-09', 'isMaintained': True, 'latest': {'name': '7.2.2.1', 'date': '2024-12-10', 'link': 'https://github.com/rails/rails/releases/tag/v7.2.2.1'}, 'custom': None}, {'name': '7.1', 'codename': None, 'label': '7.1', 'releaseDate': '2023-10-05', 'isLts': False, 'ltsFrom': None, 'isEoas': True, 'eoasFrom': '2024-10-01', 'isEol': False, 'eolFrom': '2025-10-01', 'isMaintained': True, 'latest': {'name': '7.1.5.1', 'date': '2024-12-10', 'link': 'https://github.com/rails/rails/releases/tag/v7.1.5.1'}, 'custom': None}, {'name': '7.0', 'codename': None, 'label': '7.0', 'releaseDate': '2021-12-15', 'isLts': False, 'ltsFrom': None, 'isEoas': True, 'eoasFrom': '2023-10-15', 'isEol': True, 'eolFrom': '2025-04-01', 'isMaintained': False, 'latest': {'name': '7.0.8.7', 'date': '2024-12-10', 'link': 'https://github.com/rails/rails/releases/tag/v7.0.8.7'}, 'custom': None}, {'name': '6.1', 'codename': None, 'label': '6.1', 'releaseDate': '2020-12-09', 'isLts': False, 'ltsFrom': None, 'isEoas': True, 'eoasFrom': '2021-12-15', 'isEol': True, 'eolFrom': '2024-10-01', 'isMaintained': False, 'latest': {'name': '6.1.7.10', 'date': '2024-10-23', 'link': 'https://github.com/rails/rails/releases/tag/v6.1.7.10'}, 'custom': None}, {'name': '6.0', 'codename': None, 'label': '6.0', 'releaseDate': '2019-08-16', 'isLts': False, 'ltsFrom': None, 'isEoas': True, 'eoasFrom': '2021-12-15', 'isEol': True, 'eolFrom': '2023-06-01', 'isMaintained': False, 'latest': {'name': '6.0.6.1', 'date': '2023-01-17', 'link': 'https://github.com/rails/rails/releases/tag/v6.0.6.1'}, 'custom': None}, {'name': '5.2', 'codename': None, 'label': '5.2', 'releaseDate': '2018-04-09', 'isLts': False, 'ltsFrom': None, 'isEoas': True, 'eoasFrom': '2021-12-15', 'isEol': True, 'eolFrom': '2022-06-01', 'isMaintained': False, 'latest': {'name': '5.2.8.1', 'date': '2022-07-12', 'link': 'https://github.com/rails/rails/releases/tag/v5.2.8.1'}, 'custom': None}, {'name': '5.1', 'codename': None, 'label': '5.1', 'releaseDate': '2017-04-27', 'isLts': False, 'ltsFrom': None, 'isEoas': True, 'eoasFrom': '2018-04-09', 'isEol': True, 'eolFrom': '2019-08-25', 'isMaintained': False, 'latest': {'name': '5.1.7', 'date': '2019-03-27', 'link': 'https://github.com/rails/rails/releases/tag/v5.1.7'}, 'custom': None}, {'name': '5.0', 'codename': None, 'label': '5.0', 'releaseDate': '2016-06-30', 'isLts': False, 'ltsFrom': None, 'isEoas': True, 'eoasFrom': '2018-04-09', 'isEol': True, 'eolFrom': '2018-04-09', 'isMaintained': False, 'latest': {'name': '5.0.7.2', 'date': '2019-03-13', 'link': 'https://github.com/rails/rails/releases/tag/v5.0.7.2'}, 'custom': None}, {'name': '4.2', 'codename': None, 'label': '4.2', 'releaseDate': '2014-12-19', 'isLts': False, 'ltsFrom': None, 'isEoas': True, 'eoasFrom': '2016-06-30', 'isEol': True, 'eolFrom': '2017-04-27', 'isMaintained': False, 'latest': {'name': '4.2.11.3', 'date': '2020-05-15', 'link': 'https://github.com/rails/rails/releases/tag/v4.2.11.3'}, 'custom': None}]"
guzzlehttp,guzzlehttp,erro: 'int' object has no attribute 'lower',,,,,,,,,,,,,,,,,,,,,,
actix-web,actix-web,erro: 'int' object has no attribute 'lower',,,,,,,,,,,,,,,,,,,,,,
symfony,symfony,,framework,Security Support,Active Support,,7.3,7.3.2001,2026-01-31,symfony,[],Symfony,framework,"['framework', 'php-runtime']","composer show | grep ""symfony/""","[{'type': 'repology', 'id': 'php:symfony'}, {'type': 'cpe', 'id': 'cpe:/a:sensiolabs:symfony'}, {'type': 'cpe', 'id': 'cpe:2.3:a:sensiolabs:symfony'}]",Active Support,,Security Support,,https://cdn.jsdelivr.net/npm/simple-icons/icons/symfony.svg,https://endoflife.date/symfony,https://symfony.com/releases,"[{'name': '7.3', 'codename': None, 'label': '7.3', 'releaseDate': '2025-05-29', 'isLts': False, 'ltsFrom': None, 'isEoas': False, 'eoasFrom': '2026-01-31', 'isEol': False, 'eolFrom': '2026-01-31', 'isMaintained': True, 'latest': {'name': '7.3.1', 'date': '2025-06-28', 'link': 'https://symfony.com/blog/symfony-7-3-1-released'}, 'custom': None}, {'name': '7.2', 'codename': None, 'label': '7.2', 'releaseDate': '2024-11-29', 'isLts': False, 'ltsFrom': None, 'isEoas': False, 'eoasFrom': '2025-07-31', 'isEol': False, 'eolFrom': '2025-07-31', 'isMaintained': True, 'latest': {'name': '7.2.8', 'date': '2025-06-28', 'link': 'https://symfony.com/blog/symfony-7-2-8-released'}, 'custom': None}, {'name': '7.1', 'codename': None, 'label': '7.1', 'releaseDate': '2024-05-31', 'isLts': False, 'ltsFrom': None, 'isEoas': True, 'eoasFrom': '2025-01-31', 'isEol': True, 'eolFrom': '2025-01-31', 'isMaintained': False, 'latest': {'name': '7.1.11', 'date': '2025-01-29', 'link': 'https://symfony.com/blog/symfony-7-1-11-released'}, 'custom': None}, {'name': '7.0', 'codename': None, 'label': '7.0', 'releaseDate': '2023-11-29', 'isLts': False, 'ltsFrom': None, 'isEoas': True, 'eoasFrom': '2024-07-31', 'isEol': True, 'eolFrom': '2024-07-31', 'isMaintained': False, 'latest': {'name': '7.0.10', 'date': '2024-07-26', 'link': 'https://symfony.com/blog/symfony-7-0-10-released'}, 'custom': None}, {'name': '6.4', 'codename': None, 'label': '6.4 (LTS)', 'releaseDate': '2023-11-29', 'isLts': True, 'ltsFrom': None, 'isEoas': False, 'eoasFrom': '2026-11-30', 'isEol': False, 'eolFrom': '2027-11-30', 'isMaintained': True, 'latest': {'name': '6.4.23', 'date': '2025-06-28', 'link': 'https://symfony.com/blog/symfony-6-4-23-released'}, 'custom': None}, {'name': '6.3', 'codename': None, 'label': '6.3', 'releaseDate': '2023-05-30', 'isLts': False, 'ltsFrom': None, 'isEoas': True, 'eoasFrom': '2024-01-31', 'isEol': True, 'eolFrom': '2024-01-31', 'isMaintained': False, 'latest': {'name': '6.3.12', 'date': '2024-01-30', 'link': 'https://symfony.com/blog/symfony-6-3-12-released'}, 'custom': None}, {'name': '6.2', 'codename': None, 'label': '6.2', 'releaseDate': '2022-11-30', 'isLts': False, 'ltsFrom': None, 'isEoas': True, 'eoasFrom': '2023-07-31', 'isEol': True, 'eolFrom': '2023-07-31', 'isMaintained': False, 'latest': {'name': '6.2.14', 'date': '2023-07-31', 'link': 'https://symfony.com/blog/symfony-6-2-14-released'}, 'custom': None}, {'name': '6.1', 'codename': None, 'label': '6.1', 'releaseDate': '2022-05-27', 'isLts': False, 'ltsFrom': None, 'isEoas': True, 'eoasFrom': '2023-01-31', 'isEol': True, 'eolFrom': '2023-01-31', 'isMaintained': False, 'latest': {'name': '6.1.12', 'date': '2023-02-01', 'link': 'https://symfony.com/blog/symfony-6-1-12-released'}, 'custom': None}, {'name': '6.0', 'codename': None, 'label': '6.0', 'releaseDate': '2021-11-29', 'isLts': False, 'ltsFrom': None, 'isEoas': True, 'eoasFrom': '2023-01-31', 'isEol': True, 'eolFrom': '2023-01-31', 'isMaintained': False, 'latest': {'name': '6.0.20', 'date': '2023-02-01', 'link': 'https://symfony.com/blog/symfony-6-0-20-released'}, 'custom': None}, {'name': '5.4', 'codename': None, 'label': '5.4 (LTS)', 'releaseDate': '2021-11-29', 'isLts': True, 'ltsFrom': None, 'isEoas': True, 'eoasFrom': '2024-11-30', 'isEol': False, 'eolFrom': '2029-02-28', 'isMaintained': True, 'latest': {'name': '5.4.49', 'date': '2024-11-29', 'link': 'https://symfony.com/blog/symfony-5-4-49-released'}, 'custom': None}, {'name': '5.3', 'codename': None, 'label': '5.3', 'releaseDate': '2021-05-31', 'isLts': False, 'ltsFrom': None, 'isEoas': True, 'eoasFrom': '2022-01-01', 'isEol': True, 'eolFrom': '2022-01-01', 'isMaintained': False, 'latest': {'name': '5.3.16', 'date': '2022-03-01', 'link': 'https://symfony.com/blog/symfony-5-3-16-released'}, 'custom': None}, {'name': '5.2', 'codename': None, 'label': '5.2', 'releaseDate': '2020-11-30', 'isLts': False, 'ltsFrom': None, 'isEoas': True, 'eoasFrom': '2021-07-21', 'isEol': True, 'eolFrom': '2021-07-21', 'isMaintained': False, 'latest': {'name': '5.2.14', 'date': '2021-07-29', 'link': 'https://symfony.com/blog/symfony-5-2-14-released'}, 'custom': None}, {'name': '5.1', 'codename': None, 'label': '5.1', 'releaseDate': '2020-05-31', 'isLts': False, 'ltsFrom': None, 'isEoas': True, 'eoasFrom': '2021-01-21', 'isEol': True, 'eolFrom': '2021-01-21', 'isMaintained': False, 'latest': {'name': '5.1.11', 'date': '2021-01-27', 'link': 'https://symfony.com/blog/symfony-5-1-11-released'}, 'custom': None}, {'name': '5.0', 'codename': None, 'label': '5.0', 'releaseDate': '2019-11-21', 'isLts': False, 'ltsFrom': None, 'isEoas': True, 'eoasFrom': '2020-07-21', 'isEol': True, 'eolFrom': '2020-07-21', 'isMaintained': False, 'latest': {'name': '5.0.11', 'date': '2020-07-24', 'link': 'https://symfony.com/blog/symfony-5-0-11-released'}, 'custom': None}, {'name': '4.4', 'codename': None, 'label': '4.4 (LTS)', 'releaseDate': '2019-11-21', 'isLts': True, 'ltsFrom': None, 'isEoas': True, 'eoasFrom': '2022-11-21', 'isEol': True, 'eolFrom': '2023-11-21', 'isMaintained': False, 'latest': {'name': '4.4.51', 'date': '2023-11-10', 'link': 'https://symfony.com/blog/symfony-4-4-51-released'}, 'custom': None}, {'name': '4.3', 'codename': None, 'label': '4.3', 'releaseDate': '2019-05-30', 'isLts': False, 'ltsFrom': None, 'isEoas': True, 'eoasFrom': '2020-01-01', 'isEol': True, 'eolFrom': '2020-07-01', 'isMaintained': False, 'latest': {'name': '4.3.11', 'date': '2020-01-31', 'link': 'https://symfony.com/blog/symfony-4-3-11-released'}, 'custom': None}, {'name': '4.2', 'codename': None, 'label': '4.2', 'releaseDate': '2018-11-30', 'isLts': False, 'ltsFrom': None, 'isEoas': True, 'eoasFrom': '2019-07-01', 'isEol': True, 'eolFrom': '2020-01-01', 'isMaintained': False, 'latest': {'name': '4.2.12', 'date': '2019-11-13', 'link': 'https://symfony.com/blog/symfony-4-2-12-released'}, 'custom': None}, {'name': '4.1', 'codename': None, 'label': '4.1', 'releaseDate': '2018-05-30', 'isLts': False, 'ltsFrom': None, 'isEoas': True, 'eoasFrom': '2019-01-01', 'isEol': True, 'eolFrom': '2019-07-01', 'isMaintained': False, 'latest': {'name': '4.1.13', 'date': '2019-04-17', 'link': 'https://symfony.com/blog/symfony-4-1-12-released'}, 'custom': None}, {'name': '4.0', 'codename': None, 'label': '4.0', 'releaseDate': '2017-11-30', 'isLts': False, 'ltsFrom': None, 'isEoas': True, 'eoasFrom': '2018-07-01', 'isEol': True, 'eolFrom': '2019-01-01', 'isMaintained': False, 'latest': {'name': '4.0.15', 'date': '2018-12-06', 'link': 'https://symfony.com/blog/symfony-4-0-15-released'}, 'custom': None}, {'name': '3.4', 'codename': None, 'label': '3.4 (LTS)', 'releaseDate': '2017-11-30', 'isLts': True, 'ltsFrom': None, 'isEoas': True, 'eoasFrom': '2020-11-01', 'isEol': True, 'eolFrom': '2021-11-01', 'isMaintained': False, 'latest': {'name': '3.4.49', 'date': '2021-05-19', 'link': 'https://symfony.com/blog/symfony-3-4-49-released'}, 'custom': None}, {'name': '3.3', 'codename': None, 'label': '3.3', 'releaseDate': '2017-05-29', 'isLts': False, 'ltsFrom': None, 'isEoas': True, 'eoasFrom': '2018-01-01', 'isEol': True, 'eolFrom': '2018-07-01', 'isMaintained': False, 'latest': {'name': '3.3.18', 'date': '2018-08-01', 'link': 'https://symfony.com/blog/symfony-3-3-18-released'}, 'custom': None}, {'name': '3.2', 'codename': None, 'label': '3.2', 'releaseDate': '2016-11-30', 'isLts': False, 'ltsFrom': None, 'isEoas': True, 'eoasFrom': '2017-07-01', 'isEol': True, 'eolFrom': '2018-01-01', 'isMaintained': False, 'latest': {'name': '3.2.14', 'date': '2017-11-16', 'link': 'https://symfony.com/blog/symfony-3-2-14-released'}, 'custom': None}, {'name': '3.1', 'codename': None, 'label': '3.1', 'releaseDate': '2016-05-30', 'isLts': False, 'ltsFrom': None, 'isEoas': True, 'eoasFrom': '2017-01-01', 'isEol': True, 'eolFrom': '2017-07-01', 'isMaintained': False, 'latest': {'name': '3.1.10', 'date': '2017-01-27', 'link': 'https://symfony.com/blog/symfony-3-1-10-released'}, 'custom': None}, {'name': '3.0', 'codename': None, 'label': '3.0', 'releaseDate': '2015-11-30', 'isLts': False, 'ltsFrom': None, 'isEoas': True, 'eoasFrom': '2016-07-01', 'isEol': True, 'eolFrom': '2017-01-01', 'isMaintained': False, 'latest': {'name': '3.0.9', 'date': '2016-07-30', 'link': 'https://symfony.com/blog/symfony-3-0-9-released'}, 'custom': None}, {'name': '2.8', 'codename': None, 'label': '2.8 (LTS)', 'releaseDate': '2015-11-30', 'isLts': True, 'ltsFrom': None, 'isEoas': True, 'eoasFrom': '2018-11-01', 'isEol': True, 'eolFrom': '2019-11-01', 'isMaintained': False, 'latest': {'name': '2.8.52', 'date': '2019-11-13', 'link': 'https://symfony.com/blog/symfony-2-8-52-released'}, 'custom': None}, {'name': '2.7', 'codename': None, 'label': '2.7 (LTS)', 'releaseDate': '2015-05-30', 'isLts': True, 'ltsFrom': None, 'isEoas': True, 'eoasFrom': '2018-05-01', 'isEol': True, 'eolFrom': '2019-05-01', 'isMaintained': False, 'latest': {'name': '2.7.52', 'date': '2019-04-17', 'link': 'https://symfony.com/blog/symfony-2-7-51-released'}, 'custom': None}, {'name': '2.3', 'codename': None, 'label': '2.3 (LTS)', 'releaseDate': '2013-06-03', 'isLts': True, 'ltsFrom': None, 'isEoas': True, 'eoasFrom': '2016-05-01', 'isEol': True, 'eolFrom': '2017-05-01', 'isMaintained': False, 'latest': {'name': '2.3.42', 'date': '2016-05-30', 'link': 'https://symfony.com/blog/symfony-2-3-42-released'}, 'custom': None}]"